"id","name","kind","family","capacity","ammoType","priceHuntDollars","availability","consumableLimitCategory","unlockSummary","bloodlineRank","group","sourceUrl"
"baseball-bat","Baseball Bat","weapon","Baseball Bat","1",,"40","standard-candidate",,"Confirm exact weapon unlocked to buy",,,"https://huntshowdown.wiki.gg/wiki/Weapons/Baseball_Bat"
"bornheim-no-3","Bornheim No. 3","weapon","Bornheim No. 3","1","Compact","146","standard-candidate",,"Confirm exact weapon unlocked to buy",,,"https://huntshowdown.wiki.gg/wiki/Weapons/Bornheim_No._3"
"bornheim-no-3-extended","Bornheim No. 3 Extended","weapon","Bornheim No. 3","1","Compact","203","standard-candidate",,"Confirm exact weapon unlocked to buy",,,"https://huntshowdown.wiki.gg/wiki/Weapons/Bornheim_No._3/Extended"
"bornheim-no-3-silencer","Bornheim No. 3 Silencer","weapon","Bornheim No. 3","1","Compact","174","standard-candidate",,"Confirm exact weapon unlocked to buy",,,"https://huntshowdown.wiki.gg/wiki/Weapons/Bornheim_No._3/Silencer"
"cavalry-saber","Cavalry Saber","weapon","Cavalry Saber","1",,"50","standard-candidate",,"Confirm exact weapon unlocked to buy",,,"https://huntshowdown.wiki.gg/wiki/Weapons/Cavalry_Saber"
"conversion","Conversion","weapon","Conversion","1","Compact","55","standard-candidate",,"Confirm exact weapon unlocked to buy",,,"https://huntshowdown.wiki.gg/wiki/Weapons/Conversion"
"conversion-chain-pistol","Conversion Chain Pistol","weapon","Conversion","1","Compact","84","standard-candidate",,"Confirm exact weapon unlocked to buy",,,"https://huntshowdown.wiki.gg/wiki/Weapons/Conversion/Chain_Pistol"
"hand-crossbow","Hand Crossbow","weapon","Hand Crossbow","1","Special","30","standard-candidate",,"Confirm exact weapon unlocked to buy",,,"https://huntshowdown.wiki.gg/wiki/Weapons/Hand_Crossbow"
"lemat","LeMat","weapon","LeMat","1","Compact","83","standard-candidate",,"Confirm exact weapon unlocked to buy",,,"https://huntshowdown.wiki.gg/wiki/Weapons/LeMat"
"machete","Machete","weapon","Machete","1",,"30","standard-candidate",,"Confirm exact weapon unlocked to buy",,,"https://huntshowdown.wiki.gg/wiki/Weapons/Machete"
"nagant-m1895","Nagant M1895","weapon","Nagant M1895","1","Compact","24","standard-candidate",,"Confirm exact weapon unlocked to buy",,,"https://huntshowdown.wiki.gg/wiki/Weapons/Nagant_M1895"
"nagant-m1895-silencer","Nagant M1895 Silencer","weapon","Nagant M1895","1","Compact","27","standard-candidate",,"Confirm exact weapon unlocked to buy",,,"https://huntshowdown.wiki.gg/wiki/Weapons/Nagant_M1895/Silencer"
"new-army","New Army","weapon","New Army","1","Compact","90","standard-candidate",,"Confirm exact weapon unlocked to buy",,,"https://huntshowdown.wiki.gg/wiki/Weapons/New_Army"
"new-army-swift","New Army Swift","weapon","New Army","1","Compact","108","standard-candidate",,"Confirm exact weapon unlocked to buy",,,"https://huntshowdown.wiki.gg/wiki/Weapons/New_Army/Swift"
"officer","Officer","weapon","Officer","1","Compact","96","standard-candidate",,"Confirm exact weapon unlocked to buy",,,"https://huntshowdown.wiki.gg/wiki/Weapons/Officer"
"officer-brawler","Officer Brawler","weapon","Officer","1","Compact","106","standard-candidate",,"Confirm exact weapon unlocked to buy",,,"https://huntshowdown.wiki.gg/wiki/Weapons/Officer/Brawler"
"pax","Pax","weapon","Pax","1","Medium","80","standard-candidate",,"Confirm exact weapon unlocked to buy",,,"https://huntshowdown.wiki.gg/wiki/Weapons/Pax"
"pax-claw","Pax Claw","weapon","Pax","1","Medium","90","standard-candidate",,"Confirm exact weapon unlocked to buy",,,"https://huntshowdown.wiki.gg/wiki/Weapons/Pax/Claw"
"pax-trueshot","Pax Trueshot","weapon","Pax","1","Medium","141","standard-candidate",,"Confirm exact weapon unlocked to buy",,,"https://huntshowdown.wiki.gg/wiki/Weapons/Pax/Trueshot"
"scottfield","Scottfield","weapon","Scottfield","1","Medium","77","standard-candidate",,"Confirm exact weapon unlocked to buy",,,"https://huntshowdown.wiki.gg/wiki/Weapons/Scottfield"
"scottfield-brawler","Scottfield Brawler","weapon","Scottfield","1","Medium","87","standard-candidate",,"Confirm exact weapon unlocked to buy",,,"https://huntshowdown.wiki.gg/wiki/Weapons/Scottfield/Brawler"
"scottfield-spitfire","Scottfield Spitfire","weapon","Scottfield","1","Medium","108","standard-candidate",,"Confirm exact weapon unlocked to buy",,,"https://huntshowdown.wiki.gg/wiki/Weapons/Scottfield/Spitfire"
"scottfield-swift","Scottfield Swift","weapon","Scottfield","1","Medium","95","standard-candidate",,"Confirm exact weapon unlocked to buy",,,"https://huntshowdown.wiki.gg/wiki/Weapons/Scottfield/Swift"
"sparks-pistol","Sparks Pistol","weapon","Sparks","1","Long","155","standard-candidate",,"Confirm exact weapon unlocked to buy",,,"https://huntshowdown.wiki.gg/wiki/Weapons/Sparks/Pistol"
"sparks-pistol-silencer","Sparks Pistol Silencer","weapon","Sparks","1","Long","178","standard-candidate",,"Confirm exact weapon unlocked to buy",,,"https://huntshowdown.wiki.gg/wiki/Weapons/Sparks/Pistol_Silencer"
"bomb-launcher","Bomb Launcher","weapon","Bomb Launcher","2","Special","110","standard-candidate",,"Confirm exact weapon unlocked to buy",,,"https://huntshowdown.wiki.gg/wiki/Weapons/Bomb_Launcher"
"bornheim-no-3-match","Bornheim No. 3 Match","weapon","Bornheim No. 3","2","Compact","180","standard-candidate",,"Confirm exact weapon unlocked to buy",,,"https://huntshowdown.wiki.gg/wiki/Weapons/Bornheim_No._3/Match"
"centennial-pointman","Centennial Pointman","weapon","Centennial","2","Medium","114","standard-candidate",,"Confirm exact weapon unlocked to buy",,,"https://huntshowdown.wiki.gg/wiki/Weapons/Centennial/Pointman"
"centennial-shorty","Centennial Shorty","weapon","Centennial","2","Medium","103","standard-candidate",,"Confirm exact weapon unlocked to buy",,,"https://huntshowdown.wiki.gg/wiki/Weapons/Centennial/Shorty"
"centennial-shorty-silencer","Centennial Shorty Silencer","weapon","Centennial","2","Medium","137","standard-candidate",,"Confirm exact weapon unlocked to buy",,,"https://huntshowdown.wiki.gg/wiki/Weapons/Centennial/Shorty_Silencer"
"chu-ko-nu","Chu Ko Nu","weapon","Chu Ko Nu","2","Special","75","standard-candidate",,"Confirm exact weapon unlocked to buy",,,"https://huntshowdown.wiki.gg/wiki/Weapons/Chu_Ko_Nu"
"combat-axe","Combat Axe","weapon","Combat Axe","2",,"40","standard-candidate",,"Confirm exact weapon unlocked to buy",,,"https://huntshowdown.wiki.gg/wiki/Weapons/Combat_Axe"
"dolch-96","Dolch 96","weapon","Dolch 96","2","Special","690","standard-candidate",,"Confirm exact weapon unlocked to buy",,,"https://huntshowdown.wiki.gg/wiki/Weapons/Dolch_96"
"dolch-96-bullseye","Dolch 96 Bullseye","weapon","Dolch 96","2","Special","725","standard-candidate",,"Confirm exact weapon unlocked to buy",,,"https://huntshowdown.wiki.gg/wiki/Weapons/Dolch_96/Bullseye"
"dolch-96-claw","Dolch 96 Claw","weapon","Dolch 96","2","Special","700","standard-candidate",,"Confirm exact weapon unlocked to buy",,,"https://huntshowdown.wiki.gg/wiki/Weapons/Dolch_96/Claw"
"drilling-hatchet","Drilling Hatchet","weapon","Drilling","2","Medium","340","standard-candidate",,"Confirm exact weapon unlocked to buy",,,"https://huntshowdown.wiki.gg/wiki/Weapons/Drilling/Hatchet"
"drilling-shorty","Drilling Shorty","weapon","Drilling","2","Medium","330","standard-candidate",,"Confirm exact weapon unlocked to buy",,,"https://huntshowdown.wiki.gg/wiki/Weapons/Drilling/Shorty"
"flame-rifle","Flame Rifle","weapon","Flame Rifle","2","Oil",,"scarce-owned-only",,"Owned equippable instance only",,,"https://huntshowdown.wiki.gg/wiki/Weapons/Flame_Rifle"
"haymaker","Haymaker","weapon","Haymaker","2","Long","279","standard-candidate",,"Confirm exact weapon unlocked to buy",,,"https://huntshowdown.wiki.gg/wiki/Weapons/Haymaker"
"katana","Katana","weapon","Katana","2",,"115","standard-candidate",,"Confirm exact weapon unlocked to buy",,,"https://huntshowdown.wiki.gg/wiki/Weapons/Katana"
"mosin-obrez","Mosin Obrez","weapon","Mosin Obrez","2","Special Long","290","standard-candidate",,"Confirm exact weapon unlocked to buy",,,"https://huntshowdown.wiki.gg/wiki/Weapons/Mosin_Obrez"
"mosin-obrez-extended","Mosin Obrez Extended","weapon","Mosin Obrez","2","Special Long","350","standard-candidate",,"Confirm exact weapon unlocked to buy",,,"https://huntshowdown.wiki.gg/wiki/Weapons/Mosin_Obrez/Extended"
"mosin-obrez-mace","Mosin Obrez Mace","weapon","Mosin Obrez","2","Special Long","300","standard-candidate",,"Confirm exact weapon unlocked to buy",,,"https://huntshowdown.wiki.gg/wiki/Weapons/Mosin_Obrez/Mace"
"nagant-m1895-deadeye","Nagant M1895 Deadeye","weapon","Nagant M1895","2","Compact","30","standard-candidate",,"Confirm exact weapon unlocked to buy",,,"https://huntshowdown.wiki.gg/wiki/Weapons/Nagant_M1895/Deadeye"
"nagant-m1895-precision","Nagant M1895 Precision","weapon","Nagant M1895","2","Compact","29","standard-candidate",,"Confirm exact weapon unlocked to buy",,,"https://huntshowdown.wiki.gg/wiki/Weapons/Nagant_M1895/Precision"
"railroad-hammer","Railroad Hammer","weapon","Railroad Hammer","2",,"45","standard-candidate",,"Confirm exact weapon unlocked to buy",,,"https://huntshowdown.wiki.gg/wiki/Weapons/Railroad_Hammer"
"rival-78-mace","Rival 78 Mace","weapon","Rival 78","2","Shells","155","standard-candidate",,"Confirm exact weapon unlocked to buy",,,"https://huntshowdown.wiki.gg/wiki/Weapons/Rival_78/Mace"
"rival-78-shorty","Rival 78 Shorty","weapon","Rival 78","2","Shells","145","standard-candidate",,"Confirm exact weapon unlocked to buy",,,"https://huntshowdown.wiki.gg/wiki/Weapons/Rival_78/Shorty"
"romero-77-hatchet","Romero 77 Hatchet","weapon","Romero 77","2","Shells","56","standard-candidate",,"Confirm exact weapon unlocked to buy",,,"https://huntshowdown.wiki.gg/wiki/Weapons/Romero_77/Hatchet"
"romero-77-shorty","Romero 77 Shorty","weapon","Romero 77","2","Shells","46","standard-candidate",,"Confirm exact weapon unlocked to buy",,,"https://huntshowdown.wiki.gg/wiki/Weapons/Romero_77/Shorty"
"scottfield-precision","Scottfield Precision","weapon","Scottfield","2","Medium","85","standard-candidate",,"Confirm exact weapon unlocked to buy",,,"https://huntshowdown.wiki.gg/wiki/Weapons/Scottfield/Precision"
"specter-1882-shorty","Specter 1882 Shorty","weapon","Specter 1882","2","Shells","164","standard-candidate",,"Confirm exact weapon unlocked to buy",,,"https://huntshowdown.wiki.gg/wiki/Weapons/Specter_1882/Shorty"
"springfield-1866-bullseye","Springfield 1866 Bullseye","weapon","Springfield 1866","2","Medium","35","standard-candidate",,"Confirm exact weapon unlocked to buy",,,"https://huntshowdown.wiki.gg/wiki/Weapons/Springfield_1866/Bullseye"
"springfield-1866-shorty","Springfield 1866 Shorty","weapon","Springfield 1866","2","Medium","33","standard-candidate",,"Confirm exact weapon unlocked to buy",,,"https://huntshowdown.wiki.gg/wiki/Weapons/Springfield_1866/Shorty"
"springfield-1866-striker","Springfield 1866 Striker","weapon","Springfield 1866","2","Medium","43","standard-candidate",,"Confirm exact weapon unlocked to buy",,,"https://huntshowdown.wiki.gg/wiki/Weapons/Springfield_1866/Striker"
"terminus-shorty","Terminus Shorty","weapon","Terminus","2","Shells","148","standard-candidate",,"Confirm exact weapon unlocked to buy",,,"https://huntshowdown.wiki.gg/wiki/Weapons/Terminus/Shorty"
"uppercut","Uppercut","weapon","Uppercut","2","Long","310","standard-candidate",,"Confirm exact weapon unlocked to buy",,,"https://huntshowdown.wiki.gg/wiki/Weapons/Uppercut"
"vandal-73c","Vandal 73C","weapon","Vandal 73C","2","Compact","35","standard-candidate",,"Confirm exact weapon unlocked to buy",,,"https://huntshowdown.wiki.gg/wiki/Weapons/Vandal_73C"
"vandal-73c-bullseye","Vandal 73C Bullseye","weapon","Vandal 73C","2","Compact","37","standard-candidate",,"Confirm exact weapon unlocked to buy",,,"https://huntshowdown.wiki.gg/wiki/Weapons/Vandal_73C/Bullseye"
"vandal-73c-striker","Vandal 73C Striker","weapon","Vandal 73C","2","Compact","45","standard-candidate",,"Confirm exact weapon unlocked to buy",,,"https://huntshowdown.wiki.gg/wiki/Weapons/Vandal_73C/Striker"
"1865-carbine","1865 Carbine","weapon","1865 Carbine","3","Medium","70","standard-candidate",,"Confirm exact weapon unlocked to buy",,,"https://huntshowdown.wiki.gg/wiki/Weapons/1865_Carbine"
"1865-carbine-aperture","1865 Carbine Aperture","weapon","1865 Carbine","3","Medium","74","standard-candidate",,"Confirm exact weapon unlocked to buy",,,"https://huntshowdown.wiki.gg/wiki/Weapons/1865_Carbine/Aperture"
"1865-carbine-silencer","1865 Carbine Silencer","weapon","1865 Carbine","3","Medium","80","standard-candidate",,"Confirm exact weapon unlocked to buy",,,"https://huntshowdown.wiki.gg/wiki/Weapons/1865_Carbine/Silencer"
"1890-cavalry","1890 Cavalry","weapon","1890 Cavalry","3","Long","56","standard-candidate",,"Confirm exact weapon unlocked to buy",,,"https://huntshowdown.wiki.gg/wiki/Weapons/1890_Cavalry"
"auto-4-shorty","Auto-4 Shorty","weapon","Auto-4 Shorty","3","Shells","300","standard-candidate",,"Confirm exact weapon unlocked to buy",,,"https://huntshowdown.wiki.gg/wiki/Weapons/Auto-4_Shorty"
"berthier-1892","Berthier 1892","weapon","Berthier 1892","3","Special Long","380","standard-candidate",,"Confirm exact weapon unlocked to buy",,,"https://huntshowdown.wiki.gg/wiki/Weapons/Berthier_1892"
"berthier-1892-deadeye","Berthier 1892 Deadeye","weapon","Berthier 1892","3","Special Long","397","standard-candidate",,"Confirm exact weapon unlocked to buy",,,"https://huntshowdown.wiki.gg/wiki/Weapons/Berthier_1892/Deadeye"
"berthier-1892-marksman","Berthier 1892 Marksman","weapon","Berthier 1892","3","Special Long","413","standard-candidate",,"Confirm exact weapon unlocked to buy",,,"https://huntshowdown.wiki.gg/wiki/Weapons/Berthier_1892/Marksman"
"berthier-1892-riposte","Berthier 1892 Riposte","weapon","Berthier 1892","3","Special Long","390","standard-candidate",,"Confirm exact weapon unlocked to buy",,,"https://huntshowdown.wiki.gg/wiki/Weapons/Berthier_1892/Riposte"
"bomb-lance","Bomb Lance","weapon","Bomb Lance","3","Special","199","standard-candidate",,"Confirm exact weapon unlocked to buy",,,"https://huntshowdown.wiki.gg/wiki/Weapons/Bomb_Lance"
"burgess","Burgess","weapon","Burgess","3","Shells","300","event-unlock-required",,"Blood Testament unlock to buy",,,"https://huntshowdown.wiki.gg/wiki/Weapons/Burgess"
"burgess-bayonet","Burgess Bayonet","weapon","Burgess","3","Shells","320","event-unlock-required",,"Blood Testament unlock to buy",,,"https://huntshowdown.wiki.gg/wiki/Weapons/Burgess/Bayonet"
"burgess-trauma","Burgess Trauma","weapon","Burgess","3","Shells","340","event-unlock-required",,"Blood Testament unlock to buy",,,"https://huntshowdown.wiki.gg/wiki/Weapons/Burgess/Trauma"
"dolch-96-precision","Dolch 96 Precision","weapon","Dolch 96","3","Special","730","standard-candidate",,"Confirm exact weapon unlocked to buy",,,"https://huntshowdown.wiki.gg/wiki/Weapons/Dolch_96/Precision"
"frontier-73c","Frontier 73C","weapon","Frontier 73C","3","Compact","41","standard-candidate",,"Confirm exact weapon unlocked to buy",,,"https://huntshowdown.wiki.gg/wiki/Weapons/Frontier_73C"
"frontier-73c-marksman","Frontier 73C Marksman","weapon","Frontier 73C","3","Compact","45","standard-candidate",,"Confirm exact weapon unlocked to buy",,,"https://huntshowdown.wiki.gg/wiki/Weapons/Frontier_73C/Marksman"
"frontier-73c-silencer","Frontier 73C Silencer","weapon","Frontier 73C","3","Compact","55","standard-candidate",,"Confirm exact weapon unlocked to buy",,,"https://huntshowdown.wiki.gg/wiki/Weapons/Frontier_73C/Silencer"
"hunting-bow","Hunting Bow","weapon","Hunting Bow","3","Special","57","standard-candidate",,"Confirm exact weapon unlocked to buy",,,"https://huntshowdown.wiki.gg/wiki/Weapons/Hunting_Bow"
"lemat-carbine","LeMat Carbine","weapon","LeMat","3","Compact","115","standard-candidate",,"Confirm exact weapon unlocked to buy",,,"https://huntshowdown.wiki.gg/wiki/Weapons/LeMat/Carbine"
"lemat-carbine-marksman","LeMat Carbine Marksman","weapon","LeMat","3","Compact","127","standard-candidate",,"Confirm exact weapon unlocked to buy",,,"https://huntshowdown.wiki.gg/wiki/Weapons/LeMat/Carbine_Marksman"
"mosin-obrez-match","Mosin Obrez Match","weapon","Mosin Obrez","3","Special Long","345","standard-candidate",,"Confirm exact weapon unlocked to buy",,,"https://huntshowdown.wiki.gg/wiki/Weapons/Mosin_Obrez/Match"
"mosin-obrez-sharpeye","Mosin Obrez Sharpeye","weapon","Mosin Obrez","3","Special Long","362","standard-candidate",,"Confirm exact weapon unlocked to buy",,,"https://huntshowdown.wiki.gg/wiki/Weapons/Mosin_Obrez/Sharpeye"
"officer-carbine","Officer Carbine","weapon","Officer","3","Compact","183","standard-candidate",,"Confirm exact weapon unlocked to buy",,,"https://huntshowdown.wiki.gg/wiki/Weapons/Officer/Carbine"
"officer-carbine-deadeye","Officer Carbine Deadeye","weapon","Officer","3","Compact","192","standard-candidate",,"Confirm exact weapon unlocked to buy",,,"https://huntshowdown.wiki.gg/wiki/Weapons/Officer/Carbine_Deadeye"
"uppercut-deadeye","Uppercut Deadeye","weapon","Uppercut","3","Long","337","standard-candidate",,"Confirm exact weapon unlocked to buy",,,"https://huntshowdown.wiki.gg/wiki/Weapons/Uppercut/Deadeye"
"uppercut-precision","Uppercut Precision","weapon","Uppercut","3","Long","321","standard-candidate",,"Confirm exact weapon unlocked to buy",,,"https://huntshowdown.wiki.gg/wiki/Weapons/Uppercut/Precision"
"vetterli-71","Vetterli 71","weapon","Vetterli 71","3","Medium","105","standard-candidate",,"Confirm exact weapon unlocked to buy",,,"https://huntshowdown.wiki.gg/wiki/Weapons/Vetterli_71"
"vetterli-71-bayonet","Vetterli 71 Bayonet","weapon","Vetterli 71","3","Medium","115","standard-candidate",,"Confirm exact weapon unlocked to buy",,,"https://huntshowdown.wiki.gg/wiki/Weapons/Vetterli_71/Bayonet"
"vetterli-71-deadeye","Vetterli 71 Deadeye","weapon","Vetterli 71","3","Medium","110","standard-candidate",,"Confirm exact weapon unlocked to buy",,,"https://huntshowdown.wiki.gg/wiki/Weapons/Vetterli_71/Deadeye"
"vetterli-71-marksman","Vetterli 71 Marksman","weapon","Vetterli 71","3","Medium","116","standard-candidate",,"Confirm exact weapon unlocked to buy",,,"https://huntshowdown.wiki.gg/wiki/Weapons/Vetterli_71/Marksman"
"vetterli-71-silencer","Vetterli 71 Silencer","weapon","Vetterli 71","3","Medium","150","standard-candidate",,"Confirm exact weapon unlocked to buy",,,"https://huntshowdown.wiki.gg/wiki/Weapons/Vetterli_71/Silencer"
"centennial","Centennial","weapon","Centennial","4","Medium","157","standard-candidate",,"Confirm exact weapon unlocked to buy",,,"https://huntshowdown.wiki.gg/wiki/Weapons/Centennial"
"centennial-sniper","Centennial Sniper","weapon","Centennial","4","Medium","181","standard-candidate",,"Confirm exact weapon unlocked to buy",,,"https://huntshowdown.wiki.gg/wiki/Weapons/Centennial/Sniper"
"centennial-trauma","Centennial Trauma","weapon","Centennial","4","Medium","167","standard-candidate",,"Confirm exact weapon unlocked to buy",,,"https://huntshowdown.wiki.gg/wiki/Weapons/Centennial/Trauma"
"crossbow","Crossbow","weapon","Crossbow","4","Special","50","standard-candidate",,"Confirm exact weapon unlocked to buy",,,"https://huntshowdown.wiki.gg/wiki/Weapons/Crossbow"
"crossbow-deadeye","Crossbow Deadeye","weapon","Crossbow","4","Special","53","standard-candidate",,"Confirm exact weapon unlocked to buy",,,"https://huntshowdown.wiki.gg/wiki/Weapons/Crossbow/Deadeye"
"drilling","Drilling","weapon","Drilling","4","Medium","510","standard-candidate",,"Confirm exact weapon unlocked to buy",,,"https://huntshowdown.wiki.gg/wiki/Weapons/Drilling"
"homestead-78","Homestead 78","weapon","Homestead 78","4","Shells",,"scarce-owned-only",,"Owned equippable instance only",,,"https://huntshowdown.wiki.gg/wiki/Weapons/Homestead_78"
"infantry-73l","Infantry 73L","weapon","Infantry 73L","4","Compact","78","standard-candidate",,"Confirm exact weapon unlocked to buy",,,"https://huntshowdown.wiki.gg/wiki/Weapons/Infantry_73L"
"infantry-73l-bayonet","Infantry 73L Bayonet","weapon","Infantry 73L","4","Compact","88","standard-candidate",,"Confirm exact weapon unlocked to buy",,,"https://huntshowdown.wiki.gg/wiki/Weapons/Infantry_73L/Bayonet"
"infantry-73l-sniper","Infantry 73L Sniper","weapon","Infantry 73L","4","Compact","90","standard-candidate",,"Confirm exact weapon unlocked to buy",,,"https://huntshowdown.wiki.gg/wiki/Weapons/Infantry_73L/Sniper"
"krag","Krag","weapon","Krag","4","Special Long","450","standard-candidate",,"Confirm exact weapon unlocked to buy",,,"https://huntshowdown.wiki.gg/wiki/Weapons/Krag"
"krag-bayonet","Krag Bayonet","weapon","Krag","4","Special Long","460","standard-candidate",,"Confirm exact weapon unlocked to buy",,,"https://huntshowdown.wiki.gg/wiki/Weapons/Krag/Bayonet"
"krag-silencer","Krag Silencer","weapon","Krag","4","Special Long","517","standard-candidate",,"Confirm exact weapon unlocked to buy",,,"https://huntshowdown.wiki.gg/wiki/Weapons/Krag/Silencer"
"krag-sniper","Krag Sniper","weapon","Krag","4","Special Long","517","standard-candidate",,"Confirm exact weapon unlocked to buy",,,"https://huntshowdown.wiki.gg/wiki/Weapons/Krag/Sniper"
"lebel-1886","Lebel 1886","weapon","Lebel 1886","4","Special Long","397","standard-candidate",,"Confirm exact weapon unlocked to buy",,,"https://huntshowdown.wiki.gg/wiki/Weapons/Lebel_1886"
"lebel-1886-aperture","Lebel 1886 Aperture","weapon","Lebel 1886","4","Special Long","417","standard-candidate",,"Confirm exact weapon unlocked to buy",,,"https://huntshowdown.wiki.gg/wiki/Weapons/Lebel_1886/Aperture"
"lebel-1886-marksman","Lebel 1886 Marksman","weapon","Lebel 1886","4","Special Long","437","standard-candidate",,"Confirm exact weapon unlocked to buy",,,"https://huntshowdown.wiki.gg/wiki/Weapons/Lebel_1886/Marksman"
"lebel-1886-talon","Lebel 1886 Talon","weapon","Lebel 1886","4","Special Long","407","standard-candidate",,"Confirm exact weapon unlocked to buy",,,"https://huntshowdown.wiki.gg/wiki/Weapons/Lebel_1886/Talon"
"mako-1895","Mako 1895","weapon","Mako 1895","4","Long","360","standard-candidate",,"Confirm exact weapon unlocked to buy",,,"https://huntshowdown.wiki.gg/wiki/Weapons/Mako_1895"
"mako-1895-aperture","Mako 1895 Aperture","weapon","Mako 1895","4","Long","378","standard-candidate",,"Confirm exact weapon unlocked to buy",,,"https://huntshowdown.wiki.gg/wiki/Weapons/Mako_1895/Aperture"
"mako-1895-claw","Mako 1895 Claw","weapon","Mako 1895","4","Long","370","standard-candidate",,"Confirm exact weapon unlocked to buy",,,"https://huntshowdown.wiki.gg/wiki/Weapons/Mako_1895/Claw"
"marathon","Marathon","weapon","Marathon","4","Compact","68","standard-candidate",,"Confirm exact weapon unlocked to buy",,,"https://huntshowdown.wiki.gg/wiki/Weapons/Marathon"
"marathon-swift","Marathon Swift","weapon","Marathon","4","Compact","95","standard-candidate",,"Confirm exact weapon unlocked to buy",,,"https://huntshowdown.wiki.gg/wiki/Weapons/Marathon/Swift"
"martini-henry","Martini-Henry","weapon","Martini-Henry","4","Long","122","standard-candidate",,"Confirm exact weapon unlocked to buy",,,"https://huntshowdown.wiki.gg/wiki/Weapons/Martini-Henry"
"martini-henry-deadeye","Martini-Henry Deadeye","weapon","Martini-Henry","4","Long","128","standard-candidate",,"Confirm exact weapon unlocked to buy",,,"https://huntshowdown.wiki.gg/wiki/Weapons/Martini-Henry/Deadeye"
"martini-henry-ironside","Martini-Henry Ironside","weapon","Martini-Henry","4","Long","159","standard-candidate",,"Confirm exact weapon unlocked to buy",,,"https://huntshowdown.wiki.gg/wiki/Weapons/Martini-Henry/Ironside"
"martini-henry-marksman","Martini-Henry Marksman","weapon","Martini-Henry","4","Long","134","standard-candidate",,"Confirm exact weapon unlocked to buy",,,"https://huntshowdown.wiki.gg/wiki/Weapons/Martini-Henry/Marksman"
"martini-henry-riposte","Martini-Henry Riposte","weapon","Martini-Henry","4","Long","132","standard-candidate",,"Confirm exact weapon unlocked to buy",,,"https://huntshowdown.wiki.gg/wiki/Weapons/Martini-Henry/Riposte"
"maynard-sniper","Maynard Sniper","weapon","Maynard Sniper","4","Medium","139","standard-candidate",,"Confirm exact weapon unlocked to buy",,,"https://huntshowdown.wiki.gg/wiki/Weapons/Maynard_Sniper"
"mosin-nagant","Mosin-Nagant","weapon","Mosin-Nagant","4","Special Long","620","standard-candidate",,"Confirm exact weapon unlocked to buy",,,"https://huntshowdown.wiki.gg/wiki/Weapons/Mosin-Nagant"
"mosin-nagant-bayonet","Mosin-Nagant Bayonet","weapon","Mosin-Nagant","4","Special Long","630","standard-candidate",,"Confirm exact weapon unlocked to buy",,,"https://huntshowdown.wiki.gg/wiki/Weapons/Mosin-Nagant/Bayonet"
"mosin-nagant-sniper","Mosin-Nagant Sniper","weapon","Mosin-Nagant","4","Special Long","713","standard-candidate",,"Confirm exact weapon unlocked to buy",,,"https://huntshowdown.wiki.gg/wiki/Weapons/Mosin-Nagant/Sniper"
"ranger-73","Ranger 73","weapon","Ranger 73","4","Compact","75","standard-candidate",,"Confirm exact weapon unlocked to buy",,,"https://huntshowdown.wiki.gg/wiki/Weapons/Ranger_73"
"ranger-73-aperture","Ranger 73 Aperture","weapon","Ranger 73","4","Compact","79","standard-candidate",,"Confirm exact weapon unlocked to buy",,,"https://huntshowdown.wiki.gg/wiki/Weapons/Ranger_73/Aperture"
"ranger-73-swift","Ranger 73 Swift","weapon","Ranger 73","4","Compact","128","standard-candidate",,"Confirm exact weapon unlocked to buy",,,"https://huntshowdown.wiki.gg/wiki/Weapons/Ranger_73/Swift"
"ranger-73-talon","Ranger 73 Talon","weapon","Ranger 73","4","Compact","85","standard-candidate",,"Confirm exact weapon unlocked to buy",,,"https://huntshowdown.wiki.gg/wiki/Weapons/Ranger_73/Talon"
"rival-78","Rival 78","weapon","Rival 78","4","Shells","170","standard-candidate",,"Confirm exact weapon unlocked to buy",,,"https://huntshowdown.wiki.gg/wiki/Weapons/Rival_78"
"rival-78-trauma","Rival 78 Trauma","weapon","Rival 78","4","Shells","180","standard-candidate",,"Confirm exact weapon unlocked to buy",,,"https://huntshowdown.wiki.gg/wiki/Weapons/Rival_78/Trauma"
"romero-77","Romero 77","weapon","Romero 77","4","Shells","66","standard-candidate",,"Confirm exact weapon unlocked to buy",,,"https://huntshowdown.wiki.gg/wiki/Weapons/Romero_77"
"romero-77-alamo","Romero 77 Alamo","weapon","Romero 77","4","Shells","98","standard-candidate",,"Confirm exact weapon unlocked to buy",,,"https://huntshowdown.wiki.gg/wiki/Weapons/Romero_77/Alamo"
"romero-77-talon","Romero 77 Talon","weapon","Romero 77","4","Shells","76","standard-candidate",,"Confirm exact weapon unlocked to buy",,,"https://huntshowdown.wiki.gg/wiki/Weapons/Romero_77/Talon"
"shredder","Shredder","weapon","Shredder","4","Special",,"scarce-owned-only",,"Owned equippable instance only",,,"https://huntshowdown.wiki.gg/wiki/Weapons/Shredder"
"slate","Slate","weapon","Slate","4","Shells","313","standard-candidate",,"Confirm exact weapon unlocked to buy",,,"https://huntshowdown.wiki.gg/wiki/Weapons/Slate"
"slate-riposte","Slate Riposte","weapon","Slate","4","Shells","323","standard-candidate",,"Confirm exact weapon unlocked to buy",,,"https://huntshowdown.wiki.gg/wiki/Weapons/Slate/Riposte"
"sparks","Sparks","weapon","Sparks","4","Long","130","standard-candidate",,"Confirm exact weapon unlocked to buy",,,"https://huntshowdown.wiki.gg/wiki/Weapons/Sparks"
"sparks-silencer","Sparks Silencer","weapon","Sparks","4","Long","150","standard-candidate",,"Confirm exact weapon unlocked to buy",,,"https://huntshowdown.wiki.gg/wiki/Weapons/Sparks/Silencer"
"sparks-sniper","Sparks Sniper","weapon","Sparks","4","Long","150","standard-candidate",,"Confirm exact weapon unlocked to buy",,,"https://huntshowdown.wiki.gg/wiki/Weapons/Sparks/Sniper"
"specter-1882","Specter 1882","weapon","Specter 1882","4","Shells","188","standard-candidate",,"Confirm exact weapon unlocked to buy",,,"https://huntshowdown.wiki.gg/wiki/Weapons/Specter_1882"
"specter-1882-bayonet","Specter 1882 Bayonet","weapon","Specter 1882","4","Shells","198","standard-candidate",,"Confirm exact weapon unlocked to buy",,,"https://huntshowdown.wiki.gg/wiki/Weapons/Specter_1882/Bayonet"
"springfield-1866","Springfield 1866","weapon","Springfield 1866","4","Medium","38","standard-candidate",,"Confirm exact weapon unlocked to buy",,,"https://huntshowdown.wiki.gg/wiki/Weapons/Springfield_1866"
"springfield-1866-bayonet","Springfield 1866 Bayonet","weapon","Springfield 1866","4","Medium","48","standard-candidate",,"Confirm exact weapon unlocked to buy",,,"https://huntshowdown.wiki.gg/wiki/Weapons/Springfield_1866/Bayonet"
"springfield-1866-marksman","Springfield 1866 Marksman","weapon","Springfield 1866","4","Medium","42","standard-candidate",,"Confirm exact weapon unlocked to buy",,,"https://huntshowdown.wiki.gg/wiki/Weapons/Springfield_1866/Marksman"
"terminus","Terminus","weapon","Terminus","4","Shells","168","standard-candidate",,"Confirm exact weapon unlocked to buy",,,"https://huntshowdown.wiki.gg/wiki/Weapons/Terminus"
"vetterli-71-cyclone","Vetterli 71 Cyclone","weapon","Vetterli 71","4","Medium","280","standard-candidate",,"Confirm exact weapon unlocked to buy",,,"https://huntshowdown.wiki.gg/wiki/Weapons/Vetterli_71/Cyclone"
"wildland","Wildland","weapon","Wildland","4","Medium",,"scarce-owned-only",,"Owned equippable instance only",,,"https://huntshowdown.wiki.gg/wiki/Weapons/Wildland"
"auto-5","Auto-5","weapon","Auto-5","5","Shells","600","standard-candidate",,"Confirm exact weapon unlocked to buy",,,"https://huntshowdown.wiki.gg/wiki/Weapons/Auto-5"
"maynard-sniper-silencer","Maynard Sniper Silencer","weapon","Maynard Sniper","5","Medium","159","standard-candidate",,"Confirm exact weapon unlocked to buy",,,"https://huntshowdown.wiki.gg/wiki/Weapons/Maynard_Sniper/Silencer"
"mosin-nagant-avtomat","Mosin-Nagant Avtomat","weapon","Mosin-Nagant","5","Special Long","1250","standard-candidate",,"Confirm exact weapon unlocked to buy",,,"https://huntshowdown.wiki.gg/wiki/Weapons/Mosin-Nagant/Avtomat"
"nitro-express","Nitro Express","weapon","Nitro Express","5","Special","1015","standard-candidate",,"Confirm exact weapon unlocked to buy",,,"https://huntshowdown.wiki.gg/wiki/Weapons/Nitro_Express"
"blank-fire-decoys","Blank Fire Decoys","tool",,,,"45","standard-candidate",,"Bloodline rank 52 to buy","52","Distraction","https://huntshowdown.wiki.gg/wiki/Tools/Blank_Fire_Decoys"
"decoys","Decoys","tool",,,,"6","standard-candidate",,"Bloodline rank 1 to buy","1","Distraction","https://huntshowdown.wiki.gg/wiki/Tools/Decoys"
"decoy-fuses","Decoy Fuses","tool",,,,"15","standard-candidate",,"Bloodline rank 52 to buy","52","Distraction","https://huntshowdown.wiki.gg/wiki/Tools/Decoy_Fuses"
"first-aid-kit","First Aid Kit","tool",,,,"30","standard-candidate",,"Bloodline rank 1 to buy","1","Healing","https://huntshowdown.wiki.gg/wiki/Tools/First_Aid_Kit"
"flare-pistol","Flare Pistol","tool",,,"Starshell","36","standard-candidate",,"Bloodline rank 23 to buy","23","Fire/Light","https://huntshowdown.wiki.gg/wiki/Tools/Flare_Pistol"
"fusees","Fusees","tool",,,,"10","standard-candidate",,"Bloodline rank 1 to buy","1","Fire/Light","https://huntshowdown.wiki.gg/wiki/Tools/Fusees"
"dusters","Dusters","tool",,,,"30","standard-candidate",,"Bloodline rank 1 to buy","1","Melee","https://huntshowdown.wiki.gg/wiki/Tools/Dusters"
"heavy-knife","Heavy Knife","tool",,,,"20","standard-candidate",,"Bloodline rank 5 to buy","5","Melee","https://huntshowdown.wiki.gg/wiki/Tools/Heavy_Knife"
"knife","Knife","tool",,,,"40","standard-candidate",,"Bloodline rank 1 to buy","1","Melee","https://huntshowdown.wiki.gg/wiki/Tools/Knife"
"knuckle-knife","Knuckle Knife","tool",,,,"50","standard-candidate",,"Bloodline rank 25 to buy","25","Melee","https://huntshowdown.wiki.gg/wiki/Tools/Knuckle_Knife"
"throwing-axes","Throwing Axes","tool",,,,"80","standard-candidate",,"Bloodline rank 8 to buy","8","Throwable Melee","https://huntshowdown.wiki.gg/wiki/Tools/Throwing_Axes"
"throwing-knives","Throwing Knives","tool",,,,"30","standard-candidate",,"Bloodline rank 2 to buy","2","Throwable Melee","https://huntshowdown.wiki.gg/wiki/Tools/Throwing_Knives"
"throwing-spear","Throwing Spear","tool",,,,"145","standard-candidate",,"Bloodline rank 33 to buy","33","Throwable Melee","https://huntshowdown.wiki.gg/wiki/Tools/Throwing_Spear"
"derringer-pennyshot","Derringer Pennyshot","tool",,,"Penny Shot","100","standard-candidate",,"Bloodline rank 17 to buy","17","Pocket pistols","https://huntshowdown.wiki.gg/wiki/Tools/Derringer_Pennyshot"
"quad-derringer","Quad Derringer","tool",,,"Derringer","30","standard-candidate",,"Bloodline rank 1 to buy","1","Pocket pistols","https://huntshowdown.wiki.gg/wiki/Tools/Quad_Derringer"
"alert-trip-mines","Alert Trip Mines","tool",,,,"30","standard-candidate",,"Bloodline rank 29 to buy","29","Traps","https://huntshowdown.wiki.gg/wiki/Tools/Alert_Trip_Mines"
"concertina-trip-mines","Concertina Trip Mines","tool",,,,"90","standard-candidate",,"Bloodline rank 29 to buy","29","Traps","https://huntshowdown.wiki.gg/wiki/Tools/Concertina_Trip_Mines"
"poison-trip-mines","Poison Trip Mines","tool",,,,"30","standard-candidate",,"Bloodline rank 29 to buy","29","Traps","https://huntshowdown.wiki.gg/wiki/Tools/Poison_Trip_Mines"
"bear-traps","Bear Traps","tool",,,,"35","standard-candidate",,"Bloodline rank 35 to buy","35","Traps","https://huntshowdown.wiki.gg/wiki/Tools/Bear_Traps"
"choke-bombs","Choke Bombs","tool",,,,"25","standard-candidate",,"Bloodline rank 1 to buy","1","Others","https://huntshowdown.wiki.gg/wiki/Tools/Choke_Bombs"
"spyglass","Spyglass","tool",,,,"8","standard-candidate",,"Bloodline rank 1 to buy","1","Others","https://huntshowdown.wiki.gg/wiki/Tools/Spyglass"
"multitool","Multitool","tool",,,,"0","removed",,"Excluded pending review",,"Removed Tools","https://huntshowdown.wiki.gg/wiki/Tools/Multitool"
"electric-lamp","Electric Lamp","tool",,,,"4","removed",,"Excluded pending review",,"Removed Tools","https://huntshowdown.wiki.gg/wiki/Tools/Electric_Lamp"
"ammo-box","Ammo Box","consumable",,,,"65","standard-candidate","placeables","Bloodline rank 1 to buy","1","Resupply","https://huntshowdown.wiki.gg/wiki/Consumables/Ammo_Box"
"tool-box","Tool Box","consumable",,,,"25","standard-candidate","placeables","Bloodline rank 55 to buy","55","Resupply","https://huntshowdown.wiki.gg/wiki/Consumables/Tool_Box"
"fire-bomb","Fire Bomb","consumable",,,,"30","standard-candidate","throwables","Bloodline rank 1 to buy","1","Fire/Light","https://huntshowdown.wiki.gg/wiki/Consumables/Fire_Bomb"
"hellfire-bomb","Hellfire Bomb","consumable",,,,"70","standard-candidate","throwables","Bloodline rank 43 to buy","43","Fire/Light","https://huntshowdown.wiki.gg/wiki/Consumables/Hellfire_Bomb"
"liquid-fire-bomb","Liquid Fire Bomb","consumable",,,,"35","standard-candidate","throwables","Bloodline rank 43 to buy","43","Fire/Light","https://huntshowdown.wiki.gg/wiki/Consumables/Liquid_Fire_Bomb"
"dynamite-stick","Dynamite Stick","consumable",,,,"18","standard-candidate","throwables","Bloodline rank 1 to buy","1","Explosion","https://huntshowdown.wiki.gg/wiki/Consumables/Dynamite_Stick"
"dynamite-bundle","Dynamite Bundle","consumable",,,,"75","standard-candidate","throwables","Bloodline rank 15 to buy","15","Explosion","https://huntshowdown.wiki.gg/wiki/Consumables/Dynamite_Bundle"
"waxed-dynamite-stick","Waxed Dynamite Stick","consumable",,,,"24","standard-candidate","throwables","Bloodline rank 19 to buy","19","Explosion","https://huntshowdown.wiki.gg/wiki/Consumables/Waxed_Dynamite_Stick"
"big-dynamite-bundle","Big Dynamite Bundle","consumable",,,,"110","standard-candidate","throwables","Bloodline rank 58 to buy","58","Explosion","https://huntshowdown.wiki.gg/wiki/Consumables/Big_Dynamite_Bundle"
"sticky-bomb","Sticky Bomb","consumable",,,,"64","standard-candidate","throwables","Bloodline rank 1 to buy","1","Explosion","https://huntshowdown.wiki.gg/wiki/Consumables/Sticky_Bomb"
"frag-bomb","Frag Bomb","consumable",,,,"103","standard-candidate","throwables","Bloodline rank 41 to buy","41","Explosion","https://huntshowdown.wiki.gg/wiki/Consumables/Frag_Bomb"
"dark-dynamite-satchel","Dark Dynamite Satchel","consumable",,,,"100","standard-candidate","placeables","Bloodline rank 46 to buy","46","Explosion","https://huntshowdown.wiki.gg/wiki/Consumables/Dark_Dynamite_Satchel"
"hive-bomb","Hive Bomb","consumable",,,,"40","standard-candidate","throwables","Bloodline rank 48 to buy","48","Poison","https://huntshowdown.wiki.gg/wiki/Consumables/Hive_Bomb"
"poison-bomb","Poison Bomb","consumable",,,,"25","standard-candidate","throwables","Bloodline rank 39 to buy","39","Poison","https://huntshowdown.wiki.gg/wiki/Consumables/Poison_Bomb"
"chaos-bomb","Chaos Bomb","consumable",,,,"15","standard-candidate","throwables","Bloodline rank 31 to buy","31","Distraction","https://huntshowdown.wiki.gg/wiki/Consumables/Chaos_Bomb"
"antidote-shot","Antidote Shot","consumable",,,,"55","standard-candidate","shots","Bloodline rank 21 to buy","21","Effects over time","https://huntshowdown.wiki.gg/wiki/Consumables/Antidote_Shot"
"antidote-shot-weak","Antidote Shot (Weak)","consumable",,,,"30","standard-candidate","shots","Bloodline rank 1 to buy","1","Effects over time","https://huntshowdown.wiki.gg/wiki/Consumables/Antidote_Shot_(Weak)"
"regeneration-shot","Regeneration Shot","consumable",,,,"105","standard-candidate","shots","Bloodline rank 13 to buy","13","Effects over time","https://huntshowdown.wiki.gg/wiki/Consumables/Regeneration_Shot"
"regeneration-shot-weak","Regeneration Shot (Weak)","consumable",,,,"40","standard-candidate","shots","Bloodline rank 1 to buy","1","Effects over time","https://huntshowdown.wiki.gg/wiki/Consumables/Regeneration_Shot_(Weak)"
"stamina-shot","Stamina Shot","consumable",,,,"100","standard-candidate","shots","Bloodline rank 10 to buy","10","Effects over time","https://huntshowdown.wiki.gg/wiki/Consumables/Stamina_Shot"
"stamina-shot-weak","Stamina Shot (Weak)","consumable",,,,"60","standard-candidate","shots","Bloodline rank 1 to buy","1","Effects over time","https://huntshowdown.wiki.gg/wiki/Consumables/Stamina_Shot_(Weak)"
"medical-pack","Medical Pack","consumable",,,,"15","standard-candidate","placeables","Bloodline rank 1 to buy","1","Healing","https://huntshowdown.wiki.gg/wiki/Consumables/Medical_Pack"
"vitality-shot","Vitality Shot","consumable",,,,"85","standard-candidate","shots","Bloodline rank 7 to buy","7","Healing","https://huntshowdown.wiki.gg/wiki/Consumables/Vitality_Shot"
"vitality-shot-weak","Vitality Shot (Weak)","consumable",,,,"20","standard-candidate","shots","Bloodline rank 1 to buy","1","Healing","https://huntshowdown.wiki.gg/wiki/Consumables/Vitality_Shot_(Weak)"
"recovery-shot","Recovery Shot","consumable",,,,"140","standard-candidate","shots","Bloodline rank 1 to buy","1","Healing","https://huntshowdown.wiki.gg/wiki/Consumables/Recovery_Shot"
"stalker-beetle","Stalker Beetle","consumable",,,,"45","standard-candidate","throwables","Bloodline rank 27 to buy","27","Beetle","https://huntshowdown.wiki.gg/wiki/Consumables/Stalker_Beetle"
"choke-beetle","Choke Beetle","consumable",,,,"22","standard-candidate","throwables","Bloodline rank 27 to buy","27","Beetle","https://huntshowdown.wiki.gg/wiki/Consumables/Choke_Beetle"
"fire-beetle","Fire Beetle","consumable",,,,"57","standard-candidate","throwables","Bloodline rank 27 to buy","27","Beetle","https://huntshowdown.wiki.gg/wiki/Consumables/Fire_Beetle"
"concertina-bomb","Concertina Bomb","consumable",,,,"38","standard-candidate","throwables","Bloodline rank 37 to buy","37","Others","https://huntshowdown.wiki.gg/wiki/Consumables/Concertina_Bomb"
"flash-bomb","Flash Bomb","consumable",,,,"25","standard-candidate","throwables","Bloodline rank 50 to buy","50","Others","https://huntshowdown.wiki.gg/wiki/Consumables/Flash_Bomb"
"the-chariot","The Chariot","consumable",,,,,"scarce-owned-only","tarot-cards","Owned equippable instance only",,"Tarot Cards","https://huntshowdown.wiki.gg/wiki/Consumables/The_Chariot"
"the-devil","The Devil","consumable",,,,,"scarce-owned-only","tarot-cards","Owned equippable instance only",,"Tarot Cards","https://huntshowdown.wiki.gg/wiki/Consumables/The_Devil"
"the-empress","The Empress","consumable",,,,,"scarce-owned-only","tarot-cards","Owned equippable instance only",,"Tarot Cards","https://huntshowdown.wiki.gg/wiki/Consumables/The_Empress"
"the-fool","The Fool","consumable",,,,,"scarce-owned-only","tarot-cards","Owned equippable instance only",,"Tarot Cards","https://huntshowdown.wiki.gg/wiki/Consumables/The_Fool"
"the-garden","The Garden","consumable",,,,,"scarce-owned-only","tarot-cards","Owned equippable instance only",,"Tarot Cards","https://huntshowdown.wiki.gg/wiki/Consumables/The_Garden"
"the-hanged-man","The Hanged Man","consumable",,,,,"scarce-owned-only","tarot-cards","Owned equippable instance only",,"Tarot Cards","https://huntshowdown.wiki.gg/wiki/Consumables/The_Hanged_Man"
"the-high-priestess","The High Priestess","consumable",,,,,"scarce-owned-only","tarot-cards","Owned equippable instance only",,"Tarot Cards","https://huntshowdown.wiki.gg/wiki/Consumables/The_High_Priestess"
"the-judgement","The Judgement","consumable",,,,,"scarce-owned-only","tarot-cards","Owned equippable instance only",,"Tarot Cards","https://huntshowdown.wiki.gg/wiki/Consumables/The_Judgement"
"the-magician","The Magician","consumable",,,,,"scarce-owned-only","tarot-cards","Owned equippable instance only",,"Tarot Cards","https://huntshowdown.wiki.gg/wiki/Consumables/The_Magician"
"the-moon","The Moon","consumable",,,,,"scarce-owned-only","tarot-cards","Owned equippable instance only",,"Tarot Cards","https://huntshowdown.wiki.gg/wiki/Consumables/The_Moon"
"the-pathfinder","The Pathfinder","consumable",,,,,"scarce-owned-only","tarot-cards","Owned equippable instance only",,"Tarot Cards","https://huntshowdown.wiki.gg/wiki/Consumables/The_Pathfinder"
"the-sun","The Sun","consumable",,,,,"scarce-owned-only","tarot-cards","Owned equippable instance only",,"Tarot Cards","https://huntshowdown.wiki.gg/wiki/Consumables/The_Sun"
"the-tower","The Tower","consumable",,,,,"scarce-owned-only","tarot-cards","Owned equippable instance only",,"Tarot Cards","https://huntshowdown.wiki.gg/wiki/Consumables/The_Tower"
"the-world","The World","consumable",,,,,"scarce-owned-only","tarot-cards","Owned equippable instance only",,"Tarot Cards","https://huntshowdown.wiki.gg/wiki/Consumables/The_World"
"wormseed-shot","Wormseed Shot","consumable",,,,"10","event-review-required","shots","Excluded pending review",,"Event specific Consumables","https://huntshowdown.wiki.gg/wiki/Consumables/Wormseed_Shot"
"iron-reliquary","Iron Reliquary","consumable",,,,"199","event-review-required",,"Excluded pending review",,"Event specific Consumables","https://huntshowdown.wiki.gg/wiki/Consumables/Iron_Reliquary"
"silver-reliquary","Silver Reliquary","consumable",,,,"349","event-review-required",,"Excluded pending review",,"Event specific Consumables","https://huntshowdown.wiki.gg/wiki/Consumables/Silver_Reliquary"
"ivory-reliquary","Ivory Reliquary","consumable",,,,"999","event-review-required",,"Excluded pending review",,"Event specific Consumables","https://huntshowdown.wiki.gg/wiki/Consumables/Ivory_Reliquary"
"15-proof-vapours","15-Proof Vapours","consumable",,,,"40","event-review-required",,"Excluded pending review",,"Event specific Consumables","https://huntshowdown.wiki.gg/wiki/Consumables/15-Proof_Vapours"
"25-proof-vapours","25-Proof Vapours","consumable",,,,"80","event-review-required",,"Excluded pending review",,"Event specific Consumables","https://huntshowdown.wiki.gg/wiki/Consumables/25-Proof_Vapours"
"50-proof-vapours","50-Proof Vapours","consumable",,,,"130","event-review-required",,"Excluded pending review",,"Event specific Consumables","https://huntshowdown.wiki.gg/wiki/Consumables/50-Proof_Vapours"
"bronze-wormseed-shot","Bronze Wormseed Shot","consumable",,,,"40","event-review-required","shots","Excluded pending review",,"Event specific Consumables","https://huntshowdown.wiki.gg/wiki/Consumables/Bronze_Wormseed_Shot"
"silver-wormseed-shot","Silver Wormseed Shot","consumable",,,,"80","event-review-required","shots","Excluded pending review",,"Event specific Consumables","https://huntshowdown.wiki.gg/wiki/Consumables/Silver_Wormseed_Shot"
"gold-wormseed-shot","Gold Wormseed Shot","consumable",,,,"150","event-review-required","shots","Excluded pending review",,"Event specific Consumables","https://huntshowdown.wiki.gg/wiki/Consumables/Gold_Wormseed_Shot"
